{"0":{"0":1.8181848812},"1":{"0":0.6364179128},"2":{"0":3.5400974016},"3":{"0":3.4248617752},"4":{"0":0.5466565391},"5":{"0":0.6648253865},"6":{"0":0.4941783915},"7":{"0":1.8911612559},"8":{"0":0.6164220156},"9":{"0":2.1662523813},"10":{"0":1.2274994705},"11":{"0":1.2191103681},"12":{"0":0.6308403498},"13":{"0":0.6583065462},"14":{"0":1.3991299933},"15":{"0":1.2265961833},"16":{"0":0.8528667618},"17":{"0":1.1779656534},"18":{"0":0.4852969356},"19":{"0":0.6321261719},"20":{"0":0.6579542244},"21":{"0":1.3749234978},"22":{"0":1.5212381901},"23":{"0":0.7425000167},"24":{"0":0.7582027847}}